t_score,prediction_std
1.2624267272318197,6.236899273155479
